repeat,seed,fold,method,accuracy,sensitivity,specificity,precision,mcc,f1,auc_roc,tp,tn,fp,fn
0,6,0,PCA64-SRC (initial reference),0.7789473684210526,0.7708333333333334,0.7872340425531915,0.7872340425531915,0.5580673758865248,0.7789473684210526,0.8723404255319149,37,37,10,11
0,6,0,AntiDMPpred-RF (reimplemented),0.7473684210526316,0.7708333333333334,0.723404255319149,0.74,0.49489613336650645,0.7551020408163265,0.7936613475177304,37,34,13,11
0,6,0,RBF-SVM,0.7684210526315789,0.7916666666666666,0.7446808510638298,0.76,0.5370621716354016,0.7755102040816326,0.8554964539007092,38,35,12,10
0,6,0,Gradient Boosting,0.6947368421052632,0.7291666666666666,0.6595744680851063,0.6862745098039216,0.3897791636617124,0.7070707070707071,0.7717198581560284,35,31,16,13
0,6,0,Logistic Regression,0.6631578947368421,0.8333333333333334,0.48936170212765956,0.625,0.3441050115584464,0.7142857142857143,0.7313829787234043,40,23,24,8
0,6,1,PCA64-SRC (initial reference),0.7684210526315789,0.7659574468085106,0.7708333333333334,0.7659574468085106,0.536790780141844,0.7659574468085106,0.8585992907801417,36,37,11,11
0,6,1,AntiDMPpred-RF (reimplemented),0.7157894736842105,0.7446808510638298,0.6875,0.7,0.4327567085491873,0.7216494845360825,0.8020833333333334,35,33,15,12
0,6,1,RBF-SVM,0.7894736842105263,0.7659574468085106,0.8125,0.8,0.5792282099042968,0.782608695652174,0.8590425531914894,36,39,9,11
0,6,1,Gradient Boosting,0.6947368421052632,0.6808510638297872,0.7083333333333334,0.6956521739130435,0.389357022763609,0.6881720430107527,0.8089539007092198,32,34,14,15
0,6,1,Logistic Regression,0.7894736842105263,0.723404255319149,0.8541666666666666,0.8292682926829268,0.5830234993456983,0.7727272727272727,0.8346631205673759,34,41,7,13
0,6,2,PCA64-SRC (initial reference),0.8936170212765957,0.9148936170212766,0.8723404255319149,0.8775510204081632,0.7879477634999258,0.8958333333333334,0.949298325033952,43,41,6,4
0,6,2,AntiDMPpred-RF (reimplemented),0.7021276595744681,0.6595744680851063,0.7446808510638298,0.7209302325581395,0.405727350671033,0.6888888888888889,0.8488003621548211,31,35,12,16
0,6,2,RBF-SVM,0.7659574468085106,0.723404255319149,0.8085106382978723,0.7906976744186046,0.5338517771987276,0.7555555555555555,0.8483476686283387,34,38,9,13
0,6,2,Gradient Boosting,0.7340425531914894,0.723404255319149,0.7446808510638298,0.7391304347826086,0.4681910919173118,0.7311827956989247,0.8189225894069715,34,35,12,13
0,6,2,Logistic Regression,0.6808510638297872,0.723404255319149,0.6382978723404256,0.6666666666666666,0.36301920849513475,0.6938775510204082,0.7650520597555455,34,30,17,13
0,6,3,PCA64-SRC (initial reference),0.7872340425531915,0.8085106382978723,0.7659574468085106,0.7755102040816326,0.5749889084999459,0.7916666666666666,0.8727931190583975,38,36,11,9
0,6,3,AntiDMPpred-RF (reimplemented),0.7978723404255319,0.8936170212765957,0.7021276595744681,0.75,0.606976978666884,0.8155339805825242,0.8467632412856496,42,33,14,5
0,6,3,RBF-SVM,0.7978723404255319,0.8297872340425532,0.7659574468085106,0.78,0.5969620057957092,0.8041237113402062,0.8646446355817112,39,36,11,8
0,6,3,Gradient Boosting,0.6808510638297872,0.7021276595744681,0.6595744680851063,0.673469387755102,0.3620300534999659,0.6875,0.7143503847894975,33,31,16,14
0,6,3,Logistic Regression,0.776595744680851,0.8297872340425532,0.723404255319149,0.75,0.5563486402641867,0.7878787878787878,0.8085106382978725,39,34,13,8
0,6,4,PCA64-SRC (initial reference),0.7446808510638298,0.7446808510638298,0.7446808510638298,0.7446808510638298,0.48936170212765956,0.7446808510638298,0.8374830239927569,35,35,12,12
0,6,4,AntiDMPpred-RF (reimplemented),0.7446808510638298,0.7659574468085106,0.723404255319149,0.7346938775510204,0.4898053664999539,0.75,0.7965142598460841,36,34,13,11
0,6,4,RBF-SVM,0.723404255319149,0.723404255319149,0.723404255319149,0.723404255319149,0.44680851063829785,0.723404255319149,0.8114531462200091,34,34,13,13
0,6,4,Gradient Boosting,0.6702127659574468,0.6382978723404256,0.7021276595744681,0.6818181818181818,0.3411211461689767,0.6593406593406593,0.765504753282028,30,33,14,17
0,6,4,Logistic Regression,0.7021276595744681,0.7446808510638298,0.6595744680851063,0.6862745098039216,0.405727350671033,0.7142857142857143,0.7301946582163875,35,31,16,12
1,17,0,PCA64-SRC (initial reference),0.7684210526315789,0.6666666666666666,0.8723404255319149,0.8421052631578947,0.5500913313380231,0.7441860465116279,0.887854609929078,32,41,6,16
1,17,0,AntiDMPpred-RF (reimplemented),0.7263157894736842,0.8333333333333334,0.6170212765957447,0.6896551724137931,0.4617525489302572,0.7547169811320755,0.7515514184397164,40,29,18,8
1,17,0,RBF-SVM,0.7052631578947368,0.6666666666666666,0.7446808510638298,0.7272727272727273,0.4124459109214015,0.6956521739130435,0.8200354609929078,32,35,12,16
1,17,0,Gradient Boosting,0.6421052631578947,0.7083333333333334,0.574468085106383,0.6296296296296297,0.2854712145683465,0.6666666666666666,0.7158687943262412,34,27,20,14
1,17,0,Logistic Regression,0.7052631578947368,0.7291666666666666,0.6808510638297872,0.7,0.4105640568287161,0.7142857142857143,0.722517730496454,35,32,15,13
1,17,1,PCA64-SRC (initial reference),0.7578947368421053,0.7021276595744681,0.8125,0.7857142857142857,0.5180838949214499,0.7415730337078652,0.8812056737588653,33,39,9,14
1,17,1,AntiDMPpred-RF (reimplemented),0.8421052631578947,0.851063829787234,0.8333333333333334,0.8333333333333334,0.6843971631205674,0.8421052631578947,0.9279698581560284,40,40,8,7
1,17,1,RBF-SVM,0.8315789473684211,0.8085106382978723,0.8541666666666666,0.8444444444444444,0.6635602864420872,0.8260869565217391,0.9202127659574468,38,41,7,9
1,17,1,Gradient Boosting,0.7684210526315789,0.7021276595744681,0.8333333333333334,0.8048780487804879,0.5405160300917908,0.75,0.8856382978723405,33,40,8,14
1,17,1,Logistic Regression,0.7684210526315789,0.7872340425531915,0.75,0.7551020408163265,0.537472336662294,0.7708333333333334,0.8182624113475178,37,36,12,10
1,17,2,PCA64-SRC (initial reference),0.776595744680851,0.8297872340425532,0.723404255319149,0.75,0.5563486402641867,0.7878787878787878,0.8592123132639203,39,34,13,8
1,17,2,AntiDMPpred-RF (reimplemented),0.6808510638297872,0.7446808510638298,0.6170212765957447,0.660377358490566,0.3646859721191225,0.7,0.7320054323223177,35,29,18,12
1,17,2,RBF-SVM,0.7978723404255319,0.8297872340425532,0.7659574468085106,0.78,0.5969620057957092,0.8041237113402062,0.8415572657311,39,36,11,8
1,17,2,Gradient Boosting,0.6702127659574468,0.723404255319149,0.6170212765957447,0.6538461538461539,0.3423683940087303,0.6868686868686869,0.6903576278859211,34,29,18,13
1,17,2,Logistic Regression,0.723404255319149,0.7446808510638298,0.7021276595744681,0.7142857142857143,0.4472135954999579,0.7291666666666666,0.7917609778180172,35,33,14,12
1,17,3,PCA64-SRC (initial reference),0.8085106382978723,0.7659574468085106,0.851063829787234,0.8372093023255814,0.619268061550524,0.8,0.8673607967406066,36,40,7,11
1,17,3,AntiDMPpred-RF (reimplemented),0.7446808510638298,0.7446808510638298,0.7446808510638298,0.7446808510638298,0.48936170212765956,0.7446808510638298,0.8397464916251698,35,35,12,12
1,17,3,RBF-SVM,0.7978723404255319,0.723404255319149,0.8723404255319149,0.85,0.6024640760767093,0.7816091954022989,0.8433680398370303,34,41,6,13
1,17,3,Gradient Boosting,0.6595744680851063,0.574468085106383,0.7446808510638298,0.6923076923076923,0.32387513781564786,0.627906976744186,0.765504753282028,27,35,12,20
1,17,3,Logistic Regression,0.6808510638297872,0.6170212765957447,0.7446808510638298,0.7073170731707317,0.3646859721191225,0.6590909090909091,0.7618832050701675,29,35,12,18
1,17,4,PCA64-SRC (initial reference),0.7978723404255319,0.851063829787234,0.7446808510638298,0.7692307692307693,0.5991446895152781,0.8080808080808081,0.8709823449524672,40,35,12,7
1,17,4,AntiDMPpred-RF (reimplemented),0.6914893617021277,0.7021276595744681,0.6808510638297872,0.6875,0.3830654388414369,0.6947368421052632,0.7544137618832051,33,32,15,14
1,17,4,RBF-SVM,0.776595744680851,0.8085106382978723,0.7446808510638298,0.76,0.5543218625245872,0.7835051546391752,0.8033046627433227,38,35,12,9
1,17,4,Gradient Boosting,0.6595744680851063,0.6808510638297872,0.6382978723404256,0.6530612244897959,0.3194382824999699,0.6666666666666666,0.6912630149388864,32,30,17,15
1,17,4,Logistic Regression,0.6808510638297872,0.7446808510638298,0.6170212765957447,0.660377358490566,0.3646859721191225,0.7,0.7501131733816206,35,29,18,12
2,29,0,PCA64-SRC (initial reference),0.7368421052631579,0.75,0.723404255319149,0.7346938775510204,0.4736142372568729,0.7422680412371134,0.8098404255319149,36,34,13,12
2,29,0,AntiDMPpred-RF (reimplemented),0.6631578947368421,0.6458333333333334,0.6808510638297872,0.6739130434782609,0.3268293004291342,0.6595744680851063,0.7604166666666666,31,32,15,17
2,29,0,RBF-SVM,0.6947368421052632,0.6875,0.7021276595744681,0.7021276595744681,0.3896276595744681,0.6947368421052632,0.7916666666666667,33,33,14,15
2,29,0,Gradient Boosting,0.6421052631578947,0.5208333333333334,0.7659574468085106,0.6944444444444444,0.2955680435007753,0.5952380952380952,0.7282801418439716,25,36,11,23
2,29,0,Logistic Regression,0.6842105263157895,0.7291666666666666,0.6382978723404256,0.6730769230769231,0.36910428181921784,0.7,0.7593085106382979,35,30,17,13
2,29,1,PCA64-SRC (initial reference),0.8105263157894737,0.851063829787234,0.7708333333333334,0.7843137254901961,0.6235577726537999,0.8163265306122449,0.8807624113475178,40,37,11,7
2,29,1,AntiDMPpred-RF (reimplemented),0.7263157894736842,0.7446808510638298,0.7083333333333334,0.7142857142857143,0.4532151221690301,0.7291666666666666,0.827127659574468,35,34,14,12
2,29,1,RBF-SVM,0.8105263157894737,0.9148936170212766,0.7083333333333334,0.7543859649122807,0.6360431018595892,0.8269230769230769,0.8692375886524824,43,34,14,4
2,29,1,Gradient Boosting,0.6526315789473685,0.723404255319149,0.5833333333333334,0.6296296296296297,0.309633354986357,0.6732673267326733,0.7624113475177305,34,28,20,13
2,29,1,Logistic Regression,0.7473684210526316,0.8085106382978723,0.6875,0.7169811320754716,0.4993418418751959,0.76,0.800531914893617,38,33,15,9
2,29,2,PCA64-SRC (initial reference),0.776595744680851,0.7659574468085106,0.7872340425531915,0.782608695652174,0.5533167449931866,0.7741935483870968,0.8637392485287461,36,37,10,11
2,29,2,AntiDMPpred-RF (reimplemented),0.7553191489361702,0.7659574468085106,0.7446808510638298,0.75,0.5107539184552492,0.7578947368421053,0.8272974196468991,36,35,12,11
2,29,2,RBF-SVM,0.8191489361702128,0.7021276595744681,0.9361702127659575,0.9166666666666666,0.6565321642986128,0.7951807228915663,0.8818469895880489,33,44,3,14
2,29,2,Gradient Boosting,0.7021276595744681,0.6595744680851063,0.7446808510638298,0.7209302325581395,0.405727350671033,0.6888888888888889,0.8125848800362155,31,35,12,16
2,29,2,Logistic Regression,0.7446808510638298,0.7021276595744681,0.7872340425531915,0.7674418604651163,0.4911436350228294,0.7333333333333333,0.8021729289271162,33,37,10,14
2,29,3,PCA64-SRC (initial reference),0.7553191489361702,0.7446808510638298,0.7659574468085106,0.7608695652173914,0.5107539184552492,0.7526881720430108,0.840651878678135,35,36,11,12
2,29,3,AntiDMPpred-RF (reimplemented),0.6914893617021277,0.7446808510638298,0.6382978723404256,0.6730769230769231,0.38516444325982163,0.7070707070707071,0.7901765504753282,35,30,17,12
2,29,3,RBF-SVM,0.7127659574468085,0.7021276595744681,0.723404255319149,0.717391304347826,0.4256282653793743,0.7096774193548387,0.8094160253508376,33,34,13,14
2,29,3,Gradient Boosting,0.6702127659574468,0.7446808510638298,0.5957446808510638,0.6481481481481481,0.34426518632954817,0.693069306930693,0.7727478497057493,35,28,19,12
2,29,3,Logistic Regression,0.723404255319149,0.7446808510638298,0.7021276595744681,0.7142857142857143,0.4472135954999579,0.7291666666666666,0.7541874151199638,35,33,14,12
2,29,4,PCA64-SRC (initial reference),0.8404255319148937,0.7872340425531915,0.8936170212765957,0.8809523809523809,0.6847367880174606,0.8314606741573034,0.9180624717066546,37,42,5,10
2,29,4,AntiDMPpred-RF (reimplemented),0.7446808510638298,0.7446808510638298,0.7446808510638298,0.7446808510638298,0.48936170212765956,0.7446808510638298,0.8569488456315075,35,35,12,12
2,29,4,RBF-SVM,0.8191489361702128,0.7446808510638298,0.8936170212765957,0.875,0.6454972243679028,0.8045977011494253,0.8936170212765958,35,42,5,12
2,29,4,Gradient Boosting,0.7446808510638298,0.723404255319149,0.7659574468085106,0.7555555555555555,0.4898053664999539,0.7391304347826086,0.8098687188773201,34,36,11,13
2,29,4,Logistic Regression,0.723404255319149,0.7021276595744681,0.7446808510638298,0.7333333333333333,0.4472135954999579,0.717391304347826,0.7980986871887733,33,35,12,14
3,41,0,PCA64-SRC (initial reference),0.7789473684210526,0.7708333333333334,0.7872340425531915,0.7872340425531915,0.5580673758865248,0.7789473684210526,0.8665780141843973,37,37,10,11
3,41,0,AntiDMPpred-RF (reimplemented),0.7473684210526316,0.7708333333333334,0.723404255319149,0.74,0.49489613336650645,0.7551020408163265,0.8182624113475178,37,34,13,11
3,41,0,RBF-SVM,0.7894736842105263,0.7291666666666666,0.851063829787234,0.8333333333333334,0.5841273199415831,0.7777777777777778,0.8355496453900709,35,40,7,13
3,41,0,Gradient Boosting,0.6842105263157895,0.6666666666666666,0.7021276595744681,0.6956521739130435,0.3689579076757662,0.6808510638297872,0.7291666666666666,32,33,14,16
3,41,0,Logistic Regression,0.6947368421052632,0.6875,0.7021276595744681,0.7021276595744681,0.3896276595744681,0.6947368421052632,0.7446808510638298,33,33,14,15
3,41,1,PCA64-SRC (initial reference),0.8526315789473684,0.8723404255319149,0.8333333333333334,0.8367346938775511,0.7059867656488218,0.8541666666666666,0.9153368794326241,41,40,8,6
3,41,1,AntiDMPpred-RF (reimplemented),0.7894736842105263,0.8085106382978723,0.7708333333333334,0.7755102040816326,0.5796009439089259,0.7916666666666666,0.8645833333333334,38,37,11,9
3,41,1,RBF-SVM,0.7789473684210526,0.723404255319149,0.8333333333333334,0.8095238095238095,0.5604766339546435,0.7640449438202247,0.8816489361702128,34,40,8,13
3,41,1,Gradient Boosting,0.7473684210526316,0.7021276595744681,0.7916666666666666,0.7674418604651163,0.4959977924567053,0.7333333333333333,0.8187056737588653,33,38,10,14
3,41,1,Logistic Regression,0.7473684210526316,0.7446808510638298,0.75,0.7446808510638298,0.4946808510638298,0.7446808510638298,0.7983156028368795,35,36,12,12
3,41,2,PCA64-SRC (initial reference),0.7340425531914894,0.7872340425531915,0.6808510638297872,0.7115384615384616,0.4707565417620042,0.7474747474747475,0.8275237664101404,37,32,15,10
3,41,2,AntiDMPpred-RF (reimplemented),0.6914893617021277,0.7872340425531915,0.5957446808510638,0.6607142857142857,0.39019948628585405,0.7184466019417476,0.7666364870982345,37,28,19,10
3,41,2,RBF-SVM,0.7340425531914894,0.8297872340425532,0.6382978723404256,0.6964285714285714,0.476910483238266,0.7572815533980582,0.8071525577184246,39,30,17,8
3,41,2,Gradient Boosting,0.7021276595744681,0.7872340425531915,0.6170212765957447,0.6727272727272727,0.41024184123315394,0.7254901960784313,0.7347215934812131,37,29,18,10
3,41,2,Logistic Regression,0.7021276595744681,0.8085106382978723,0.5957446808510638,0.6666666666666666,0.4137283784938751,0.7307692307692307,0.7596197374377547,38,28,19,9
3,41,3,PCA64-SRC (initial reference),0.7872340425531915,0.851063829787234,0.723404255319149,0.7547169811320755,0.5792071321891946,0.8,0.8406518786781348,40,34,13,7
3,41,3,AntiDMPpred-RF (reimplemented),0.6595744680851063,0.7446808510638298,0.574468085106383,0.6363636363636364,0.32387513781564786,0.6862745098039216,0.7132186509732911,35,27,20,12
3,41,3,RBF-SVM,0.7872340425531915,0.8297872340425532,0.7446808510638298,0.7647058823529411,0.5765599193746258,0.7959183673469388,0.8424626527840652,39,35,12,8
3,41,3,Gradient Boosting,0.5957446808510638,0.5957446808510638,0.5957446808510638,0.5957446808510638,0.19148936170212766,0.5957446808510638,0.6641014033499321,28,28,19,19
3,41,3,Logistic Regression,0.6276595744680851,0.7659574468085106,0.48936170212765956,0.6,0.2656844656620286,0.6728971962616822,0.7057492077863287,36,23,24,11
3,41,4,PCA64-SRC (initial reference),0.851063829787234,0.8085106382978723,0.8936170212765957,0.8837209302325582,0.7046843459023204,0.8444444444444444,0.9076505205975555,38,42,5,9
3,41,4,AntiDMPpred-RF (reimplemented),0.7978723404255319,0.7659574468085106,0.8297872340425532,0.8181818181818182,0.5969620057957092,0.7912087912087912,0.8605703938433681,36,39,8,11
3,41,4,RBF-SVM,0.8404255319148937,0.7872340425531915,0.8936170212765957,0.8809523809523809,0.6847367880174606,0.8314606741573034,0.90493435943866,37,42,5,10
3,41,4,Gradient Boosting,0.7127659574468085,0.723404255319149,0.7021276595744681,0.7083333333333334,0.4256282653793743,0.7157894736842105,0.797193300135808,34,33,14,13
3,41,4,Logistic Regression,0.7446808510638298,0.7446808510638298,0.7446808510638298,0.7446808510638298,0.48936170212765956,0.7446808510638298,0.8252602987777276,35,35,12,12
4,53,0,PCA64-SRC (initial reference),0.7789473684210526,0.75,0.8085106382978723,0.8,0.5592548233558727,0.7741935483870968,0.8470744680851063,36,38,9,12
4,53,0,AntiDMPpred-RF (reimplemented),0.7052631578947368,0.7916666666666666,0.6170212765957447,0.6785714285714286,0.41536993292220636,0.7307692307692307,0.7839095744680851,38,29,18,10
4,53,0,RBF-SVM,0.7473684210526316,0.7916666666666666,0.7021276595744681,0.7307692307692307,0.4959977924567053,0.76,0.8226950354609929,38,33,14,10
4,53,0,Gradient Boosting,0.7157894736842105,0.7083333333333334,0.723404255319149,0.723404255319149,0.4317375886524823,0.7157894736842105,0.7845744680851064,34,34,13,14
4,53,0,Logistic Regression,0.6736842105263158,0.7291666666666666,0.6170212765957447,0.660377358490566,0.3485129387886756,0.693069306930693,0.7451241134751774,35,29,18,13
4,53,1,PCA64-SRC (initial reference),0.7052631578947368,0.574468085106383,0.8333333333333334,0.7714285714285715,0.4226770155886446,0.6585365853658537,0.7983156028368794,27,40,8,20
4,53,1,AntiDMPpred-RF (reimplemented),0.7368421052631579,0.723404255319149,0.75,0.7391304347826086,0.4736142372568729,0.7311827956989247,0.8156028368794327,34,36,12,13
4,53,1,RBF-SVM,0.7263157894736842,0.7021276595744681,0.75,0.7333333333333333,0.4527300950976113,0.717391304347826,0.8125000000000001,33,36,12,14
4,53,1,Gradient Boosting,0.7157894736842105,0.6808510638297872,0.75,0.7272727272727273,0.4320015360081921,0.7032967032967034,0.7375886524822695,32,36,12,15
4,53,1,Logistic Regression,0.6631578947368421,0.6595744680851063,0.6666666666666666,0.6595744680851063,0.3262411347517731,0.6595744680851063,0.7513297872340425,31,32,16,16
4,53,2,PCA64-SRC (initial reference),0.7978723404255319,0.851063829787234,0.7446808510638298,0.7692307692307693,0.5991446895152781,0.8080808080808081,0.8922589406971481,40,35,12,7
4,53,2,AntiDMPpred-RF (reimplemented),0.723404255319149,0.7659574468085106,0.6808510638297872,0.7058823529411765,0.4484354928469312,0.7346938775510204,0.8263920325939339,36,32,15,11
4,53,2,RBF-SVM,0.8191489361702128,0.8085106382978723,0.8297872340425532,0.8260869565217391,0.6384423980690614,0.8172043010752689,0.8931643277501131,38,39,8,9
4,53,2,Gradient Boosting,0.6595744680851063,0.6808510638297872,0.6382978723404256,0.6530612244897959,0.3194382824999699,0.6666666666666666,0.7301946582163875,32,30,17,15
4,53,2,Logistic Regression,0.7659574468085106,0.7872340425531915,0.7446808510638298,0.7551020408163265,0.5323971374999499,0.7708333333333334,0.7845178813942961,37,35,12,10
4,53,3,PCA64-SRC (initial reference),0.851063829787234,0.8723404255319149,0.8297872340425532,0.8367346938775511,0.7027642214999339,0.8541666666666666,0.9130828429153462,41,39,8,6
4,53,3,AntiDMPpred-RF (reimplemented),0.7446808510638298,0.851063829787234,0.6382978723404256,0.7017543859649122,0.5008290897557436,0.7692307692307693,0.8607967406066093,40,30,17,7
4,53,3,RBF-SVM,0.8085106382978723,0.8085106382978723,0.8085106382978723,0.8085106382978723,0.6170212765957447,0.8085106382978723,0.8646446355817111,38,38,9,9
4,53,3,Gradient Boosting,0.776595744680851,0.851063829787234,0.7021276595744681,0.7407407407407407,0.5594309277855157,0.7920792079207921,0.7795382526029877,40,33,14,7
4,53,3,Logistic Regression,0.7340425531914894,0.723404255319149,0.7446808510638298,0.7391304347826086,0.4681910919173118,0.7311827956989247,0.7908555907650521,34,35,12,13
4,53,4,PCA64-SRC (initial reference),0.6702127659574468,0.6808510638297872,0.6595744680851063,0.6666666666666666,0.3405026123034995,0.6736842105263158,0.7994567677682209,32,31,16,15
4,53,4,AntiDMPpred-RF (reimplemented),0.6808510638297872,0.7021276595744681,0.6595744680851063,0.673469387755102,0.3620300534999659,0.6875,0.759167043911272,33,31,16,14
4,53,4,RBF-SVM,0.7340425531914894,0.6808510638297872,0.7872340425531915,0.7619047619047619,0.4707565417620042,0.7191011235955056,0.797193300135808,32,37,10,15
4,53,4,Gradient Boosting,0.6276595744680851,0.6595744680851063,0.5957446808510638,0.62,0.25584085962673253,0.6391752577319587,0.7238569488456316,31,28,19,16
4,53,4,Logistic Regression,0.6595744680851063,0.7659574468085106,0.5531914893617021,0.631578947368421,0.32662766723200665,0.6923076923076923,0.691715708465369,36,26,21,11
