repeat,seed,fold,method,selected,mode,alpha,mcc,latent_dim,selected_epochs,inner_mcc,inner_auc,classification_weight,history_last_epoch
0,6,0,PCA160-SRC (proposed),True,pca160,0.001,0.5172384680216907,,,,,,
0,6,0,PCA160-SRC (proposed),False,pca160,0.005,0.5013227513227513,,,,,,
0,6,0,PCA160-SRC (proposed),False,pca160,0.01,0.49603174603174605,,,,,,
0,6,0,PCA160-SRC (proposed),False,pca160,0.02,0.4961017777825104,,,,,,
0,6,0,DeepLSE160-SRC,,,0.001,,160.0,22.0,0.5292561240249631,0.8434903047091413,1.0,36.0
0,6,0,DeepLSE160-SRC,,,0.005,,160.0,22.0,0.5292561240249631,0.8414127423822715,1.0,36.0
0,6,0,DeepLSE160-SRC,,,0.01,,160.0,22.0,0.5292561240249631,0.8386426592797784,1.0,36.0
0,6,0,DeepLSE160-SRC,,,0.02,,160.0,22.0,0.5292561240249631,0.8407202216066483,1.0,36.0
0,6,0,AE160-SRC,,,0.001,,160.0,75.0,0.5292561240249631,0.8469529085872577,0.0,89.0
0,6,0,AE160-SRC,,,0.005,,160.0,75.0,0.5543618612158774,0.8483379501385042,0.0,89.0
0,6,0,AE160-SRC,,,0.01,,160.0,75.0,0.5789473684210527,0.8414127423822715,0.0,89.0
0,6,0,AE160-SRC,,,0.02,,160.0,75.0,0.5789473684210527,0.8524930747922438,0.0,89.0
0,6,1,PCA160-SRC (proposed),False,pca160,0.001,0.5120756701979953,,,,,,
0,6,1,PCA160-SRC (proposed),False,pca160,0.005,0.5120756701979953,,,,,,
0,6,1,PCA160-SRC (proposed),False,pca160,0.01,0.4964096500345906,,,,,,
0,6,1,PCA160-SRC (proposed),True,pca160,0.02,0.5280671342631582,,,,,,
0,6,1,DeepLSE160-SRC,,,0.001,,160.0,20.0,0.5821817364274594,0.796398891966759,1.0,34.0
0,6,1,DeepLSE160-SRC,,,0.005,,160.0,20.0,0.5330017908890261,0.8047091412742382,1.0,34.0
0,6,1,DeepLSE160-SRC,,,0.01,,160.0,20.0,0.5330017908890261,0.7991689750692521,1.0,34.0
0,6,1,DeepLSE160-SRC,,,0.02,,160.0,20.0,0.5330017908890261,0.7929362880886427,1.0,34.0
0,6,1,AE160-SRC,,,0.001,,160.0,65.0,0.5001732201680236,0.8649584487534626,0.0,79.0
0,6,1,AE160-SRC,,,0.005,,160.0,65.0,0.6071582289507229,0.8898891966759003,0.0,79.0
0,6,1,AE160-SRC,,,0.01,,160.0,65.0,0.6599545966855683,0.8954293628808865,0.0,79.0
0,6,1,AE160-SRC,,,0.02,,160.0,65.0,0.6599545966855683,0.8975069252077562,0.0,79.0
0,6,2,PCA160-SRC (proposed),False,pca160,0.001,0.47113693912984406,,,,,,
0,6,2,PCA160-SRC (proposed),False,pca160,0.005,0.47625047625071437,,,,,,
0,6,2,PCA160-SRC (proposed),False,pca160,0.01,0.47625047625071437,,,,,,
0,6,2,PCA160-SRC (proposed),True,pca160,0.02,0.48683382016739696,,,,,,
0,6,2,DeepLSE160-SRC,,,0.001,,160.0,23.0,0.4487691257461865,0.842797783933518,1.0,37.0
0,6,2,DeepLSE160-SRC,,,0.005,,160.0,23.0,0.4487691257461865,0.8462603878116344,1.0,37.0
0,6,2,DeepLSE160-SRC,,,0.01,,160.0,23.0,0.4487691257461865,0.8504155124653741,1.0,37.0
0,6,2,DeepLSE160-SRC,,,0.02,,160.0,23.0,0.4487691257461865,0.8455678670360112,1.0,37.0
0,6,2,AE160-SRC,,,0.001,,160.0,52.0,0.4475234075187579,0.8019390581717452,0.0,66.0
0,6,2,AE160-SRC,,,0.005,,160.0,52.0,0.3948735948694923,0.8040166204986149,0.0,66.0
0,6,2,AE160-SRC,,,0.01,,160.0,52.0,0.34222378222022665,0.817174515235457,0.0,66.0
0,6,2,AE160-SRC,,,0.02,,160.0,52.0,0.3689323936863109,0.8199445983379501,0.0,66.0
0,6,3,PCA160-SRC (proposed),False,pca160,0.001,0.48172428607658213,,,,,,
0,6,3,PCA160-SRC (proposed),False,pca160,0.005,0.4819133882598716,,,,,,
0,6,3,PCA160-SRC (proposed),True,pca160,0.01,0.5028989799700583,,,,,,
0,6,3,PCA160-SRC (proposed),False,pca160,0.02,0.4976959697581679,,,,,,
0,6,3,DeepLSE160-SRC,,,0.001,,160.0,16.0,0.5528230328172892,0.8545706371191135,1.0,30.0
0,6,3,DeepLSE160-SRC,,,0.005,,160.0,16.0,0.5797509043642028,0.8573407202216067,1.0,30.0
0,6,3,DeepLSE160-SRC,,,0.01,,160.0,16.0,0.5797509043642028,0.8601108033240997,1.0,30.0
0,6,3,DeepLSE160-SRC,,,0.02,,160.0,16.0,0.6071582289507229,0.8642659279778393,1.0,30.0
0,6,3,AE160-SRC,,,0.001,,160.0,50.0,0.6351073488299558,0.8774238227146813,0.0,64.0
0,6,3,AE160-SRC,,,0.005,,160.0,50.0,0.5528230328172892,0.8538781163434903,0.0,64.0
0,6,3,AE160-SRC,,,0.01,,160.0,50.0,0.5270462766947298,0.8372576177285318,0.0,64.0
0,6,3,AE160-SRC,,,0.02,,160.0,50.0,0.5270462766947298,0.8178670360110804,0.0,64.0
0,6,4,PCA160-SRC (proposed),False,pca160,0.001,0.41316712200642336,,,,,,
0,6,4,PCA160-SRC (proposed),False,pca160,0.005,0.423999152002544,,,,,,
0,6,4,PCA160-SRC (proposed),False,pca160,0.01,0.4294378867287528,,,,,,
0,6,4,PCA160-SRC (proposed),True,pca160,0.02,0.44004129133933934,,,,,,
0,6,4,DeepLSE160-SRC,,,0.001,,160.0,8.0,0.5789473684210527,0.8760387811634349,1.0,22.0
0,6,4,DeepLSE160-SRC,,,0.005,,160.0,8.0,0.5789473684210527,0.8718836565096952,1.0,22.0
0,6,4,DeepLSE160-SRC,,,0.01,,160.0,8.0,0.5789473684210527,0.8753462603878116,1.0,22.0
0,6,4,DeepLSE160-SRC,,,0.02,,160.0,8.0,0.5789473684210527,0.8732686980609418,1.0,22.0
0,6,4,AE160-SRC,,,0.001,,160.0,77.0,0.5789473684210527,0.8497229916897506,0.0,91.0
0,6,4,AE160-SRC,,,0.005,,160.0,77.0,0.5292561240249631,0.8386426592797784,0.0,91.0
0,6,4,AE160-SRC,,,0.01,,160.0,77.0,0.4512920922216141,0.8268698060941828,0.0,91.0
0,6,4,AE160-SRC,,,0.02,,160.0,77.0,0.3981989049014242,0.8206371191135735,0.0,91.0
1,17,0,PCA160-SRC (proposed),False,pca160,0.001,0.4696855317067697,,,,,,
1,17,0,PCA160-SRC (proposed),True,pca160,0.005,0.4749275418625377,,,,,,
1,17,0,PCA160-SRC (proposed),False,pca160,0.01,0.46950378731363074,,,,,,
1,17,0,PCA160-SRC (proposed),False,pca160,0.02,0.46949228864122483,,,,,,
1,17,0,DeepLSE160-SRC,,,0.001,,160.0,11.0,0.6599545966855683,0.8871191135734071,1.0,25.0
1,17,0,DeepLSE160-SRC,,,0.005,,160.0,11.0,0.6599545966855683,0.8885041551246537,1.0,25.0
1,17,0,DeepLSE160-SRC,,,0.01,,160.0,11.0,0.6599545966855683,0.8871191135734072,1.0,25.0
1,17,0,DeepLSE160-SRC,,,0.02,,160.0,11.0,0.6599545966855683,0.8926592797783933,1.0,25.0
1,17,0,AE160-SRC,,,0.001,,160.0,67.0,0.4234048992199705,0.8234072022160666,0.0,81.0
1,17,0,AE160-SRC,,,0.005,,160.0,67.0,0.4475234075187579,0.8289473684210527,0.0,81.0
1,17,0,AE160-SRC,,,0.01,,160.0,67.0,0.5528230328172892,0.832409972299169,0.0,81.0
1,17,0,AE160-SRC,,,0.02,,160.0,67.0,0.5001732201680236,0.827562326869806,0.0,81.0
1,17,1,PCA160-SRC (proposed),False,pca160,0.001,0.40754414484351803,,,,,,
1,17,1,PCA160-SRC (proposed),True,pca160,0.005,0.4182057327004333,,,,,,
1,17,1,PCA160-SRC (proposed),False,pca160,0.01,0.4182057327004333,,,,,,
1,17,1,PCA160-SRC (proposed),False,pca160,0.02,0.4028584029825915,,,,,,
1,17,1,DeepLSE160-SRC,,,0.001,,160.0,22.0,0.5270462766947298,0.8490304709141274,1.0,36.0
1,17,1,DeepLSE160-SRC,,,0.005,,160.0,22.0,0.5270462766947298,0.8566481994459835,1.0,36.0
1,17,1,DeepLSE160-SRC,,,0.01,,160.0,22.0,0.501565493481032,0.85595567867036,1.0,36.0
1,17,1,DeepLSE160-SRC,,,0.02,,160.0,22.0,0.501565493481032,0.8566481994459832,1.0,36.0
1,17,1,AE160-SRC,,,0.001,,160.0,90.0,0.5263157894736842,0.8365650969529086,0.0,100.0
1,17,1,AE160-SRC,,,0.005,,160.0,90.0,0.5789473684210527,0.8324099722991689,0.0,100.0
1,17,1,AE160-SRC,,,0.01,,160.0,90.0,0.5270462766947298,0.8337950138504155,0.0,100.0
1,17,1,AE160-SRC,,,0.02,,160.0,90.0,0.5528230328172892,0.8393351800554016,0.0,100.0
1,17,2,PCA160-SRC (proposed),False,pca160,0.001,0.47975613264042005,,,,,,
1,17,2,PCA160-SRC (proposed),False,pca160,0.005,0.4804118360889831,,,,,,
1,17,2,PCA160-SRC (proposed),True,pca160,0.01,0.49108765466873827,,,,,,
1,17,2,PCA160-SRC (proposed),False,pca160,0.02,0.4791574237499549,,,,,,
1,17,2,DeepLSE160-SRC,,,0.001,,160.0,34.0,0.5528230328172892,0.8483379501385041,1.0,48.0
1,17,2,DeepLSE160-SRC,,,0.005,,160.0,34.0,0.5528230328172892,0.8476454293628809,1.0,48.0
1,17,2,DeepLSE160-SRC,,,0.01,,160.0,34.0,0.5528230328172892,0.8483379501385041,1.0,48.0
1,17,2,DeepLSE160-SRC,,,0.02,,160.0,34.0,0.5528230328172892,0.8511080332409973,1.0,48.0
1,17,2,AE160-SRC,,,0.001,,160.0,64.0,0.592220092263982,0.8552631578947367,0.0,78.0
1,17,2,AE160-SRC,,,0.005,,160.0,64.0,0.592220092263982,0.8677285318559557,0.0,78.0
1,17,2,AE160-SRC,,,0.01,,160.0,64.0,0.6158014854919158,0.8628808864265927,0.0,78.0
1,17,2,AE160-SRC,,,0.02,,160.0,64.0,0.5087055749715826,0.8559556786703602,0.0,78.0
1,17,3,PCA160-SRC (proposed),False,pca160,0.001,0.4819133882598716,,,,,,
1,17,3,PCA160-SRC (proposed),False,pca160,0.005,0.47699904600286197,,,,,,
1,17,3,PCA160-SRC (proposed),False,pca160,0.01,0.4661372658534007,,,,,,
1,17,3,PCA160-SRC (proposed),True,pca160,0.02,0.48215684718611374,,,,,,
1,17,3,DeepLSE160-SRC,,,0.001,,160.0,4.0,0.7938841860374447,0.9445983379501385,1.0,18.0
1,17,3,DeepLSE160-SRC,,,0.005,,160.0,4.0,0.7655473321552593,0.9522160664819945,1.0,18.0
1,17,3,DeepLSE160-SRC,,,0.01,,160.0,4.0,0.7905694150420948,0.9536011080332409,1.0,18.0
1,17,3,DeepLSE160-SRC,,,0.02,,160.0,4.0,0.7905694150420948,0.953601108033241,1.0,18.0
1,17,3,AE160-SRC,,,0.001,,160.0,61.0,0.4016096644512494,0.8414127423822715,0.0,75.0
1,17,3,AE160-SRC,,,0.005,,160.0,61.0,0.3981989049014242,0.817174515235457,0.0,75.0
1,17,3,AE160-SRC,,,0.01,,160.0,61.0,0.3175536744149779,0.8109418282548477,0.0,75.0
1,17,3,AE160-SRC,,,0.02,,160.0,61.0,0.34317639027649555,0.8150969529085873,0.0,75.0
1,17,4,PCA160-SRC (proposed),False,pca160,0.001,0.5142651236134448,,,,,,
1,17,4,PCA160-SRC (proposed),False,pca160,0.005,0.5354719328346177,,,,,,
1,17,4,PCA160-SRC (proposed),False,pca160,0.01,0.5409637364707709,,,,,,
1,17,4,PCA160-SRC (proposed),True,pca160,0.02,0.5672821466663772,,,,,,
1,17,4,DeepLSE160-SRC,,,0.001,,160.0,5.0,0.5270462766947298,0.868421052631579,1.0,19.0
1,17,4,DeepLSE160-SRC,,,0.005,,160.0,5.0,0.5270462766947298,0.8642659279778394,1.0,19.0
1,17,4,DeepLSE160-SRC,,,0.01,,160.0,5.0,0.5270462766947298,0.8635734072022161,1.0,19.0
1,17,4,DeepLSE160-SRC,,,0.02,,160.0,5.0,0.5270462766947298,0.8656509695290858,1.0,19.0
1,17,4,AE160-SRC,,,0.001,,160.0,79.0,0.5330017908890261,0.8871191135734073,0.0,93.0
1,17,4,AE160-SRC,,,0.005,,160.0,79.0,0.6105716541821837,0.881578947368421,0.0,93.0
1,17,4,AE160-SRC,,,0.01,,160.0,79.0,0.6396021490668313,0.8725761772853187,0.0,93.0
1,17,4,AE160-SRC,,,0.02,,160.0,79.0,0.6158014854919158,0.8704986149584488,0.0,93.0
2,29,0,PCA160-SRC (proposed),False,pca160,0.001,0.5331532140042778,,,,,,
2,29,0,PCA160-SRC (proposed),True,pca160,0.005,0.5331700883089807,,,,,,
2,29,0,PCA160-SRC (proposed),False,pca160,0.01,0.5278950702997584,,,,,,
2,29,0,PCA160-SRC (proposed),False,pca160,0.02,0.5278489208698884,,,,,,
2,29,0,DeepLSE160-SRC,,,0.001,,160.0,5.0,0.6351073488299558,0.92797783933518,1.0,19.0
2,29,0,DeepLSE160-SRC,,,0.005,,160.0,5.0,0.6324555320336758,0.9307479224376731,1.0,19.0
2,29,0,DeepLSE160-SRC,,,0.01,,160.0,5.0,0.6324555320336758,0.9342105263157894,1.0,19.0
2,29,0,DeepLSE160-SRC,,,0.02,,160.0,5.0,0.6599545966855683,0.9376731301939057,1.0,19.0
2,29,0,AE160-SRC,,,0.001,,160.0,80.0,0.5292561240249631,0.8621883656509695,0.0,94.0
2,29,0,AE160-SRC,,,0.005,,160.0,80.0,0.4743416490252569,0.8545706371191136,0.0,94.0
2,29,0,AE160-SRC,,,0.01,,160.0,80.0,0.4763305116224668,0.8580332409972299,0.0,94.0
2,29,0,AE160-SRC,,,0.02,,160.0,80.0,0.5001732201680236,0.8545706371191136,0.0,94.0
2,29,1,PCA160-SRC (proposed),False,pca160,0.001,0.49603174603174605,,,,,,
2,29,1,PCA160-SRC (proposed),False,pca160,0.005,0.49603174603174605,,,,,,
2,29,1,PCA160-SRC (proposed),False,pca160,0.01,0.49075455255709116,,,,,,
2,29,1,PCA160-SRC (proposed),True,pca160,0.02,0.5013369378113057,,,,,,
2,29,1,DeepLSE160-SRC,,,0.001,,160.0,13.0,0.631578947368421,0.871191135734072,1.0,27.0
2,29,1,DeepLSE160-SRC,,,0.005,,160.0,13.0,0.631578947368421,0.8691135734072023,1.0,27.0
2,29,1,DeepLSE160-SRC,,,0.01,,160.0,13.0,0.631578947368421,0.8698060941828255,1.0,27.0
2,29,1,DeepLSE160-SRC,,,0.02,,160.0,13.0,0.631578947368421,0.871191135734072,1.0,27.0
2,29,1,AE160-SRC,,,0.001,,160.0,70.0,0.5797509043642028,0.8981994459833795,0.0,84.0
2,29,1,AE160-SRC,,,0.005,,160.0,70.0,0.504385279541804,0.8642659279778394,0.0,84.0
2,29,1,AE160-SRC,,,0.01,,160.0,70.0,0.4845437118523489,0.8642659279778394,0.0,84.0
2,29,1,AE160-SRC,,,0.02,,160.0,70.0,0.5330017908890261,0.863573407202216,0.0,84.0
2,29,2,PCA160-SRC (proposed),False,pca160,0.001,0.5081143456510427,,,,,,
2,29,2,PCA160-SRC (proposed),False,pca160,0.005,0.5081143456510427,,,,,,
2,29,2,PCA160-SRC (proposed),False,pca160,0.01,0.5081143456510427,,,,,,
2,29,2,PCA160-SRC (proposed),True,pca160,0.02,0.5344214572055112,,,,,,
2,29,2,DeepLSE160-SRC,,,0.001,,160.0,25.0,0.5001732201680236,0.7832409972299169,1.0,39.0
2,29,2,DeepLSE160-SRC,,,0.005,,160.0,25.0,0.5001732201680236,0.7797783933518007,1.0,39.0
2,29,2,DeepLSE160-SRC,,,0.01,,160.0,25.0,0.5001732201680236,0.7797783933518004,1.0,39.0
2,29,2,DeepLSE160-SRC,,,0.02,,160.0,25.0,0.5001732201680236,0.7832409972299169,1.0,39.0
2,29,2,AE160-SRC,,,0.001,,160.0,90.0,0.501565493481032,0.8386426592797783,0.0,100.0
2,29,2,AE160-SRC,,,0.005,,160.0,90.0,0.4763305116224668,0.8275623268698061,0.0,100.0
2,29,2,AE160-SRC,,,0.01,,160.0,90.0,0.501565493481032,0.8310249307479225,0.0,100.0
2,29,2,AE160-SRC,,,0.02,,160.0,90.0,0.501565493481032,0.8344875346260389,0.0,100.0
2,29,3,PCA160-SRC (proposed),False,pca160,0.001,0.42917257826456273,,,,,,
2,29,3,PCA160-SRC (proposed),True,pca160,0.005,0.4451991096026712,,,,,,
2,29,3,PCA160-SRC (proposed),False,pca160,0.01,0.4451991096026712,,,,,,
2,29,3,PCA160-SRC (proposed),False,pca160,0.02,0.42376115077581883,,,,,,
2,29,3,DeepLSE160-SRC,,,0.001,,160.0,9.0,0.5574784668619939,0.8594182825484764,1.0,23.0
2,29,3,DeepLSE160-SRC,,,0.005,,160.0,9.0,0.5574784668619939,0.8587257617728532,1.0,23.0
2,29,3,DeepLSE160-SRC,,,0.01,,160.0,9.0,0.5574784668619939,0.8545706371191136,1.0,23.0
2,29,3,DeepLSE160-SRC,,,0.02,,160.0,9.0,0.5574784668619939,0.8552631578947368,1.0,23.0
2,29,3,AE160-SRC,,,0.001,,160.0,88.0,0.5263157894736842,0.8351800554016621,0.0,100.0
2,29,3,AE160-SRC,,,0.005,,160.0,88.0,0.5863019699779287,0.8365650969529086,0.0,100.0
2,29,3,AE160-SRC,,,0.01,,160.0,88.0,0.5863019699779287,0.8386426592797784,0.0,100.0
2,29,3,AE160-SRC,,,0.02,,160.0,88.0,0.6105716541821837,0.8414127423822715,0.0,100.0
2,29,4,PCA160-SRC (proposed),False,pca160,0.001,0.41367815141882475,,,,,,
2,29,4,PCA160-SRC (proposed),False,pca160,0.005,0.4242852835064869,,,,,,
2,29,4,PCA160-SRC (proposed),True,pca160,0.01,0.4451991096026712,,,,,,
2,29,4,PCA160-SRC (proposed),False,pca160,0.02,0.44004129133933934,,,,,,
2,29,4,DeepLSE160-SRC,,,0.001,,160.0,13.0,0.6351073488299558,0.8344875346260388,1.0,27.0
2,29,4,DeepLSE160-SRC,,,0.005,,160.0,13.0,0.6351073488299558,0.840027700831025,1.0,27.0
2,29,4,DeepLSE160-SRC,,,0.01,,160.0,13.0,0.6351073488299558,0.840027700831025,1.0,27.0
2,29,4,DeepLSE160-SRC,,,0.02,,160.0,13.0,0.6351073488299558,0.8386426592797784,1.0,27.0
2,29,4,AE160-SRC,,,0.001,,160.0,88.0,0.6054728454665549,0.8975069252077561,0.0,100.0
2,29,4,AE160-SRC,,,0.005,,160.0,88.0,0.6054728454665549,0.8815789473684211,0.0,100.0
2,29,4,AE160-SRC,,,0.01,,160.0,88.0,0.6324555320336758,0.8808864265927978,0.0,100.0
2,29,4,AE160-SRC,,,0.02,,160.0,88.0,0.6324555320336758,0.8808864265927978,0.0,100.0
3,41,0,PCA160-SRC (proposed),False,pca160,0.001,0.4907258876454141,,,,,,
3,41,0,PCA160-SRC (proposed),False,pca160,0.005,0.4854472849733194,,,,,,
3,41,0,PCA160-SRC (proposed),False,pca160,0.01,0.4907125970955758,,,,,,
3,41,0,PCA160-SRC (proposed),True,pca160,0.02,0.5172384680216907,,,,,,
3,41,0,DeepLSE160-SRC,,,0.001,,160.0,19.0,0.5528230328172892,0.8137119113573407,1.0,33.0
3,41,0,DeepLSE160-SRC,,,0.005,,160.0,19.0,0.5528230328172892,0.8150969529085872,1.0,33.0
3,41,0,DeepLSE160-SRC,,,0.01,,160.0,19.0,0.5528230328172892,0.814404432132964,1.0,33.0
3,41,0,DeepLSE160-SRC,,,0.02,,160.0,19.0,0.5528230328172892,0.8150969529085872,1.0,33.0
3,41,0,AE160-SRC,,,0.001,,160.0,94.0,0.5146425295634922,0.8282548476454294,0.0,100.0
3,41,0,AE160-SRC,,,0.005,,160.0,94.0,0.4797016118001235,0.85803324099723,0.0,100.0
3,41,0,AE160-SRC,,,0.01,,160.0,94.0,0.4797016118001235,0.860803324099723,0.0,100.0
3,41,0,AE160-SRC,,,0.02,,160.0,94.0,0.4797016118001235,0.8545706371191135,0.0,100.0
3,41,1,PCA160-SRC (proposed),True,pca160,0.001,0.48014409970889343,,,,,,
3,41,1,PCA160-SRC (proposed),False,pca160,0.005,0.474811437577395,,,,,,
3,41,1,PCA160-SRC (proposed),False,pca160,0.01,0.4801024428684003,,,,,,
3,41,1,PCA160-SRC (proposed),False,pca160,0.02,0.46950378731363074,,,,,,
3,41,1,DeepLSE160-SRC,,,0.001,,160.0,8.0,0.5863019699779287,0.8511080332409972,1.0,22.0
3,41,1,DeepLSE160-SRC,,,0.005,,160.0,8.0,0.5574784668619939,0.8538781163434902,1.0,22.0
3,41,1,DeepLSE160-SRC,,,0.01,,160.0,8.0,0.5863019699779287,0.8497229916897506,1.0,22.0
3,41,1,DeepLSE160-SRC,,,0.02,,160.0,8.0,0.5863019699779287,0.8497229916897507,1.0,22.0
3,41,1,AE160-SRC,,,0.001,,160.0,69.0,0.4763305116224668,0.8656509695290858,0.0,83.0
3,41,1,AE160-SRC,,,0.005,,160.0,69.0,0.5263157894736842,0.8531855955678671,0.0,83.0
3,41,1,AE160-SRC,,,0.01,,160.0,69.0,0.4743416490252569,0.8518005540166205,0.0,83.0
3,41,1,AE160-SRC,,,0.02,,160.0,69.0,0.4216370213557839,0.8455678670360111,0.0,83.0
3,41,2,PCA160-SRC (proposed),False,pca160,0.001,0.47155999340180355,,,,,,
3,41,2,PCA160-SRC (proposed),False,pca160,0.005,0.47155999340180355,,,,,,
3,41,2,PCA160-SRC (proposed),True,pca160,0.01,0.48732532339219164,,,,,,
3,41,2,PCA160-SRC (proposed),False,pca160,0.02,0.4767312946227962,,,,,,
3,41,2,DeepLSE160-SRC,,,0.001,,160.0,2.0,0.47368421052631576,0.8109418282548477,1.0,16.0
3,41,2,DeepLSE160-SRC,,,0.005,,160.0,2.0,0.5263157894736842,0.8171745152354571,1.0,16.0
3,41,2,DeepLSE160-SRC,,,0.01,,160.0,2.0,0.5001732201680236,0.8150969529085873,1.0,16.0
3,41,2,DeepLSE160-SRC,,,0.02,,160.0,2.0,0.4234048992199705,0.8130193905817175,1.0,16.0
3,41,2,AE160-SRC,,,0.001,,160.0,51.0,0.5292561240249631,0.8788088642659281,0.0,65.0
3,41,2,AE160-SRC,,,0.005,,160.0,51.0,0.6460582824697986,0.9092797783933518,0.0,65.0
3,41,2,AE160-SRC,,,0.01,,160.0,51.0,0.6693494407520824,0.9106648199445982,0.0,65.0
3,41,2,AE160-SRC,,,0.02,,160.0,51.0,0.6460582824697986,0.907202216066482,0.0,65.0
3,41,3,PCA160-SRC (proposed),True,pca160,0.001,0.4925048912985501,,,,,,
3,41,3,PCA160-SRC (proposed),False,pca160,0.005,0.48710669380586646,,,,,,
3,41,3,PCA160-SRC (proposed),False,pca160,0.01,0.4819133882598716,,,,,,
3,41,3,PCA160-SRC (proposed),False,pca160,0.02,0.4767312946227962,,,,,,
3,41,3,DeepLSE160-SRC,,,0.001,,160.0,4.0,0.5821817364274594,0.8822714681440442,1.0,18.0
3,41,3,DeepLSE160-SRC,,,0.005,,160.0,4.0,0.6351073488299558,0.8822714681440443,1.0,18.0
3,41,3,DeepLSE160-SRC,,,0.01,,160.0,4.0,0.6351073488299558,0.8843490304709141,1.0,18.0
3,41,3,DeepLSE160-SRC,,,0.02,,160.0,4.0,0.6851601597031488,0.8829639889196675,1.0,18.0
3,41,3,AE160-SRC,,,0.001,,160.0,56.0,0.5223645292668042,0.763157894736842,0.0,70.0
3,41,3,AE160-SRC,,,0.005,,160.0,56.0,0.4604696317147035,0.7873961218836565,0.0,70.0
3,41,3,AE160-SRC,,,0.01,,160.0,56.0,0.4845437118523489,0.7894736842105263,0.0,70.0
3,41,3,AE160-SRC,,,0.02,,160.0,56.0,0.455157619711416,0.801246537396122,0.0,70.0
3,41,4,PCA160-SRC (proposed),False,pca160,0.001,0.5132562509795503,,,,,,
3,41,4,PCA160-SRC (proposed),True,pca160,0.005,0.5185257765656843,,,,,,
3,41,4,PCA160-SRC (proposed),False,pca160,0.01,0.5133424932089558,,,,,,
3,41,4,PCA160-SRC (proposed),False,pca160,0.02,0.5133424932089558,,,,,,
3,41,4,DeepLSE160-SRC,,,0.001,,160.0,3.0,0.5330017908890261,0.8400277008310248,1.0,17.0
3,41,4,DeepLSE160-SRC,,,0.005,,160.0,3.0,0.5622535302317492,0.8538781163434903,1.0,17.0
3,41,4,DeepLSE160-SRC,,,0.01,,160.0,3.0,0.5863019699779287,0.8448753462603878,1.0,17.0
3,41,4,DeepLSE160-SRC,,,0.02,,160.0,3.0,0.5863019699779287,0.8379501385041551,1.0,17.0
3,41,4,AE160-SRC,,,0.001,,160.0,80.0,0.6105716541821837,0.8434903047091412,0.0,94.0
3,41,4,AE160-SRC,,,0.005,,160.0,80.0,0.5863019699779287,0.8254847645429363,0.0,94.0
3,41,4,AE160-SRC,,,0.01,,160.0,80.0,0.6105716541821837,0.8289473684210527,0.0,94.0
3,41,4,AE160-SRC,,,0.02,,160.0,80.0,0.6105716541821837,0.8358725761772854,0.0,94.0
4,53,0,PCA160-SRC (proposed),False,pca160,0.001,0.4854215918045705,,,,,,
4,53,0,PCA160-SRC (proposed),False,pca160,0.005,0.4854215918045705,,,,,,
4,53,0,PCA160-SRC (proposed),False,pca160,0.01,0.5013650054052888,,,,,,
4,53,0,PCA160-SRC (proposed),True,pca160,0.02,0.522687616529605,,,,,,
4,53,0,DeepLSE160-SRC,,,0.001,,160.0,11.0,0.6581226581158205,0.9141274238227147,1.0,25.0
4,53,0,DeepLSE160-SRC,,,0.005,,160.0,11.0,0.6581226581158205,0.9141274238227147,1.0,25.0
4,53,0,DeepLSE160-SRC,,,0.01,,160.0,11.0,0.6581226581158205,0.9127423822714682,1.0,25.0
4,53,0,DeepLSE160-SRC,,,0.02,,160.0,11.0,0.6581226581158205,0.9106648199445984,1.0,25.0
4,53,0,AE160-SRC,,,0.001,,160.0,86.0,0.6054728454665549,0.8628808864265928,0.0,100.0
4,53,0,AE160-SRC,,,0.005,,160.0,86.0,0.631578947368421,0.8781163434903048,0.0,100.0
4,53,0,AE160-SRC,,,0.01,,160.0,86.0,0.6071582289507229,0.8829639889196677,0.0,100.0
4,53,0,AE160-SRC,,,0.02,,160.0,86.0,0.6071582289507229,0.8746537396121884,0.0,100.0
4,53,1,PCA160-SRC (proposed),False,pca160,0.001,0.5341582284519817,,,,,,
4,53,1,PCA160-SRC (proposed),False,pca160,0.005,0.5550926985208157,,,,,,
4,53,1,PCA160-SRC (proposed),False,pca160,0.01,0.5660587964306062,,,,,,
4,53,1,PCA160-SRC (proposed),True,pca160,0.02,0.5818258537894604,,,,,,
4,53,1,DeepLSE160-SRC,,,0.001,,160.0,8.0,0.6460582824697986,0.8649584487534625,1.0,22.0
4,53,1,DeepLSE160-SRC,,,0.005,,160.0,8.0,0.6460582824697986,0.8649584487534625,1.0,22.0
4,53,1,DeepLSE160-SRC,,,0.01,,160.0,8.0,0.6460582824697986,0.8656509695290859,1.0,22.0
4,53,1,DeepLSE160-SRC,,,0.02,,160.0,8.0,0.6460582824697986,0.8691135734072022,1.0,22.0
4,53,1,AE160-SRC,,,0.001,,160.0,68.0,0.6071582289507229,0.8718836565096953,0.0,82.0
4,53,1,AE160-SRC,,,0.005,,160.0,68.0,0.5797509043642028,0.8871191135734072,0.0,82.0
4,53,1,AE160-SRC,,,0.01,,160.0,68.0,0.5528230328172892,0.8885041551246537,0.0,82.0
4,53,1,AE160-SRC,,,0.02,,160.0,68.0,0.6054728454665549,0.8836565096952909,0.0,82.0
4,53,2,PCA160-SRC (proposed),False,pca160,0.001,0.49736145915484004,,,,,,
4,53,2,PCA160-SRC (proposed),False,pca160,0.005,0.5026736478665699,,,,,,
4,53,2,PCA160-SRC (proposed),False,pca160,0.01,0.5079436178602622,,,,,,
4,53,2,PCA160-SRC (proposed),True,pca160,0.02,0.5185257765656843,,,,,,
4,53,2,DeepLSE160-SRC,,,0.001,,160.0,5.0,0.7107724707650861,0.9168975069252078,1.0,19.0
4,53,2,DeepLSE160-SRC,,,0.005,,160.0,5.0,0.7368421052631579,0.9217451523545707,1.0,19.0
4,53,2,DeepLSE160-SRC,,,0.01,,160.0,5.0,0.7634222834143517,0.9196675900277008,1.0,19.0
4,53,2,DeepLSE160-SRC,,,0.02,,160.0,5.0,0.7634222834143517,0.9175900277008311,1.0,19.0
4,53,2,AE160-SRC,,,0.001,,160.0,94.0,0.6351073488299558,0.9307479224376731,0.0,100.0
4,53,2,AE160-SRC,,,0.005,,160.0,94.0,0.7378647873726218,0.9349030470914127,0.0,100.0
4,53,2,AE160-SRC,,,0.01,,160.0,94.0,0.7127509644204139,0.9293628808864266,0.0,100.0
4,53,2,AE160-SRC,,,0.02,,160.0,94.0,0.7127509644204139,0.9175900277008311,0.0,100.0
4,53,3,PCA160-SRC (proposed),False,pca160,0.001,0.476517417853565,,,,,,
4,53,3,PCA160-SRC (proposed),False,pca160,0.005,0.47113693912984406,,,,,,
4,53,3,PCA160-SRC (proposed),True,pca160,0.01,0.4925048912985501,,,,,,
4,53,3,PCA160-SRC (proposed),False,pca160,0.02,0.48215684718611374,,,,,,
4,53,3,DeepLSE160-SRC,,,0.001,,160.0,2.0,0.5528230328172892,0.840720221606648,1.0,16.0
4,53,3,DeepLSE160-SRC,,,0.005,,160.0,2.0,0.6054728454665549,0.8656509695290858,1.0,16.0
4,53,3,DeepLSE160-SRC,,,0.01,,160.0,2.0,0.6054728454665549,0.8601108033240997,1.0,16.0
4,53,3,DeepLSE160-SRC,,,0.02,,160.0,2.0,0.6842105263157895,0.850415512465374,1.0,16.0
4,53,3,AE160-SRC,,,0.001,,160.0,50.0,0.4743416490252569,0.824792243767313,0.0,64.0
4,53,3,AE160-SRC,,,0.005,,160.0,50.0,0.42105263157894735,0.8199445983379502,0.0,64.0
4,53,3,AE160-SRC,,,0.01,,160.0,50.0,0.42105263157894735,0.8275623268698061,0.0,64.0
4,53,3,AE160-SRC,,,0.02,,160.0,50.0,0.4216370213557839,0.8289473684210527,0.0,64.0
4,53,4,PCA160-SRC (proposed),False,pca160,0.001,0.5450040603184916,,,,,,
4,53,4,PCA160-SRC (proposed),False,pca160,0.005,0.544973544973545,,,,,,
4,53,4,PCA160-SRC (proposed),False,pca160,0.01,0.5450040603184916,,,,,,
4,53,4,PCA160-SRC (proposed),True,pca160,0.02,0.5503338836674921,,,,,,
4,53,4,DeepLSE160-SRC,,,0.001,,160.0,14.0,0.6581226581158205,0.9272853185595566,1.0,28.0
4,53,4,DeepLSE160-SRC,,,0.005,,160.0,14.0,0.6851601597031488,0.9265927977839336,1.0,28.0
4,53,4,DeepLSE160-SRC,,,0.01,,160.0,14.0,0.6851601597031488,0.9259002770083102,1.0,28.0
4,53,4,DeepLSE160-SRC,,,0.02,,160.0,14.0,0.6581226581158205,0.925207756232687,1.0,28.0
4,53,4,AE160-SRC,,,0.001,,160.0,69.0,0.7107724707650861,0.9168975069252078,0.0,83.0
4,53,4,AE160-SRC,,,0.005,,160.0,69.0,0.7894736842105263,0.935595567867036,0.0,83.0
4,53,4,AE160-SRC,,,0.01,,160.0,69.0,0.7634222834143517,0.9445983379501386,0.0,83.0
4,53,4,AE160-SRC,,,0.02,,160.0,69.0,0.7107724707650861,0.9342105263157894,0.0,83.0
